{
	"format_version": "1.12.0",
	"minecraft:geometry": [
		{
			"description": {
				"identifier": "geometry.crop_new",
				"texture_width": 16,
				"texture_height": 16,
				"visible_bounds_width": 2,
				"visible_bounds_height": 2,
				"visible_bounds_offset": [0, 1, 0]
			},
			"bones": [
				{
					"name": "bone",
					"pivot": [0, 0, 0],
					"rotation": [0, -90, 0]
				},
				{
					"name": "a",
					"parent": "bone",
					"pivot": [0, 0, 0],
					"rotation": [0, -90, 0],
					"cubes": [
						{"origin": [-8, 0, 0], "size": [16, 16, 0], "pivot": [0, 0, 0], "rotation": [0, -45, 0], "uv": [0, 0], "mirror": true}
					]
				},
				{
					"name": "bone3",
					"pivot": [0, 0, 0],
					"rotation": [0, 90, 0]
				},
				{
					"name": "b",
					"parent": "bone3",
					"pivot": [0, 0, 0],
					"rotation": [0, 90, 0],
					"cubes": [
						{"origin": [0, 0, -8], "size": [0, 16, 16], "pivot": [0, 0, 0], "rotation": [0, -45, 0], "uv": [0, -16]}
					]
				}
			]
		}
	]
}