{
	"format_version": "1.12.0",
	"minecraft:geometry": [
		{
			"description": {
				"identifier": "geometry.penguin",
				"texture_width": 64,
				"texture_height": 64,
				"visible_bounds_width": 3,
				"visible_bounds_height": 3.5,
				"visible_bounds_offset": [0, 1.25, 0]
			},
			"bones": [
				{
					"name": "bb_main",
					"pivot": [0, 2.1, 3],
					"cubes": [
						{"origin": [0, 14.15711, 13.12874], "size": [4, 6, 1], "pivot": [-0.25, 18.775, 9], "rotation": [0, 90, -7.5], "uv": [54, 57]},
						{"origin": [0, 14.15711, 3.87126], "size": [4, 6, 1], "pivot": [-0.25, 18.775, 9], "rotation": [0, 90, 7.5], "uv": [54, 57]},
						{"origin": [-3, 12.1, 10], "size": [1, 0.7, 2], "pivot": [-0.25, 18.775, 9], "rotation": [0, 90, 0], "uv": [0, 26]},
						{"origin": [-3, 12.1, 6], "size": [1, 0.7, 2], "pivot": [-0.25, 18.775, 9], "rotation": [0, 90, 0], "uv": [0, 26]},
						{"origin": [-1, 22.1, 6], "size": [6, 6, 6], "pivot": [-0.25, 18.775, 9], "rotation": [0, 90, 0], "uv": [0, 0]},
						{"origin": [-2.5, 23.6, 8.25], "size": [1.5, 0.5, 1.5], "pivot": [-0.25, 18.775, 9], "rotation": [0, 90, 0], "uv": [28, 20]},
						{"origin": [-2, 12.1, 5], "size": [8, 10, 8], "pivot": [-0.25, 18.775, 9], "rotation": [0, 90, 0], "uv": [0, 46]}
					]
				}
			]
		}
	]
}