{
	"resource_pack_name": "vanilla",
	"texture_name": "atlas.items",
	"texture_data": {
	"empty":{"textures": [{"path": "textures/items/pnx_item/empty"}]},
	"lajiao": {"textures": [{"path": "textures/items/crop/lajiao"}]},
	"lajiao_seeds": {"textures": [{"path": "textures/items/seeds/lajiaozhongzi"}]},
	"bag1":{"textures":[{"path": "textures/items/bag/penguin_bag"}]},
	"cape1": {"textures": [{"path": "textures/items/cape/cape1"}]},
	"cape2": {"textures": [{"path": "textures/items/cape/cape2"}]},
	"cape3": {"textures": [{"path": "textures/items/cape/cape3"}]},
	"cape4": {"textures": [{"path": "textures/items/cape/cape4"}]},
	"cape5": {"textures": [{"path": "textures/items/cape/cape5"}]},
	"cape6": {"textures": [{"path": "textures/items/cape/cape6"}]},
	"world_menu": {"textures": [{"path": "textures/items/pnx_item/world_menu"}]},
      	"car_running": {"textures": [{"path": "textures/items/pnx_item/car_running"}]},
	"build_item": {"textures": [{"path": "textures/items/pnx_item/build_item"}]},
	"sword_1": {"textures": [{"path": "textures/items/sword/sword_1"}]},
	"sword_2": {"textures": [{"path": "textures/items/sword/sword_2"}]},
	"sword_3": {"textures": [{"path": "textures/items/sword/sword_3"}]},
	"sword_4": {"textures": [{"path": "textures/items/sword/sword_4"}]},
	"sword_5": {"textures": [{"path": "textures/items/sword/sword_5"}]},
	"sword_6": {"textures": [{"path": "textures/items/sword/sword_6"}]},
	"sword_7": {"textures": [{"path": "textures/items/sword/sword_7"}]},
	"sword_8": {"textures": [{"path": "textures/items/sword/sword_8"}]},
	"sword_9": {"textures": [{"path": "textures/items/sword/sword_9"}]},
	"sword_10": {"textures": [{"path": "textures/items/sword/sword_10"}]},
	"sword_11": {"textures": [{"path": "textures/items/sword/sword_11"}]},
	"sword_12": {"textures": [{"path": "textures/items/sword/sword_12"}]},
	"music_menu": {"textures": [{"path": "textures/items/pnx_item/icon_fall"}]},
	"amethyst_boots": {
      "textures": "textures/items/wearables/amethyst_boots"
    },
    "amethyst_chestplate": {
      "textures": "textures/items/wearables/amethyst_chestplate"
    },
    "amethyst_helmet": {
      "textures": "textures/items/wearables/amethyst_helmet"
    },
    "amethyst_leggings": {
      "textures": "textures/items/wearables/amethyst_leggings"
    }


 }
}
