{
	"format_version": "1.12.0",
	"minecraft:geometry": [
		{
			"description": {
				"identifier": "geometry.creeper_new",
				"texture_width": 128,
				"texture_height": 64,
				"visible_bounds_width": 2,
				"visible_bounds_height": 3.5,
				"visible_bounds_offset": [0, 1.25, 0]
			},
			"bones": [
				{
					"name": "body",
					"pivot": [0, 0, 0],
					"cubes": [
						{"origin": [-4, 6, -2], "size": [8, 12, 4], "uv": [49, 22]}
					]
				},
				{
					"name": "head",
					"parent": "body",
					"pivot": [0, 18, 0],
					"cubes": [
						{"origin": [-4, 18, -4], "size": [8, 8, 8], "uv": [49, 22]}
					]
				},
				{
					"name": "leg0",
					"parent": "body",
					"pivot": [-2, 6, 4],
					"cubes": [
						{"origin": [-4, 0, 2], "size": [4, 6, 4], "uv": [49, 22]}
					]
				},
				{
					"name": "leg1",
					"parent": "body",
					"pivot": [2, 6, 4],
					"cubes": [
						{"origin": [0, 0, 2], "size": [4, 6, 4], "uv": [49, 22]}
					]
				},
				{
					"name": "leg2",
					"parent": "body",
					"pivot": [-2, 6, -4],
					"cubes": [
						{"origin": [-4, 0, -6], "size": [4, 6, 4], "uv": [49, 22]}
					]
				},
				{
					"name": "leg3",
					"parent": "body",
					"pivot": [2, 6, -4],
					"cubes": [
						{"origin": [0, 0, -6], "size": [4, 6, 4], "uv": [49, 22]}
					]
				}
			]
		},
		{
			"description": {
				"identifier": "geometry.creeper_face",
				"texture_width": 10,
				"texture_height": 10,
				"visible_bounds_width": 2,
				"visible_bounds_height": 3.5,
				"visible_bounds_offset": [0, 1.25, 0]
			},
			"bones": [
				{
					"name": "body",
					"pivot": [0, 0, 0]
				},
				{
					"name": "head",
					"parent": "body",
					"pivot": [0, 18, 0],
					"cubes": [
						{
							"origin": [-4, 18, -4.1],
							"size": [8, 8, 8],
							"uv": {
								"north": {
									"uv": [0, 0],
									"uv_size": [10, 10]
								},
								"east": {
									"uv": [81.66667, 50],
									"uv_size": [13.33333, 13.33333]
								},
								"south": {
									"uv": [121.66667, 50],
									"uv_size": [13.33333, 13.33333]
								},
								"west": {
									"uv": [108.33333, 50],
									"uv_size": [13.33333, 13.33333]
								},
								"up": {
									"uv": [95, 36.66667],
									"uv_size": [13.33333, 13.33333]
								},
								"down": {
									"uv": [108.33333, 50],
									"uv_size": [13.33333, -13.33333]
								}
							}
						}
					]
				}
			]
		},
		{
			"description": {
				"identifier": "geometry.creeper_eye",
				"texture_width": 64,
				"texture_height": 64,
				"visible_bounds_width": 2,
				"visible_bounds_height": 3.5,
				"visible_bounds_offset": [0, 1.25, 0]
			},
			"bones": [
				{
					"name": "body",
					"pivot": [0, 0, 0]
				},
				{
					"name": "head",
					"parent": "body",
					"pivot": [0, 18, 0],
					"cubes": [
						{
							"origin": [-2.7, 22.8, -4.1],
							"size": [1.4, 1.7, 0],
							"uv": {
								"north": {"uv": [11, 10], "uv_size": [10, 12]},
								"east": {"uv": [0, 0], "uv_size": [1, 1]},
								"south": {"uv": [0, 0], "uv_size": [1, 1]},
								"west": {"uv": [0, 0], "uv_size": [1, 1]},
								"up": {"uv": [1, 1], "uv_size": [-1, -1]},
								"down": {"uv": [1, 1], "uv_size": [-1, -1]}
							}
						},
						{
							"origin": [1.3, 22.8, -4.1],
							"size": [1.4, 1.7, 0],
							"uv": {
								"north": {"uv": [43, 10], "uv_size": [10, 12]},
								"east": {"uv": [0, 0], "uv_size": [1, 1]},
								"south": {"uv": [0, 0], "uv_size": [1, 1]},
								"west": {"uv": [0, 0], "uv_size": [1, 1]},
								"up": {"uv": [1, 1], "uv_size": [-1, -1]},
								"down": {"uv": [1, 1], "uv_size": [-1, -1]}
							}
						}
					]
				}
			]
		}
	]
}