{
	"format_version": "1.12.0",
	"minecraft:geometry": [
		{
			"description": {
				"identifier": "geometry.penguin",
				"texture_width": 64,
				"texture_height": 64,
				"visible_bounds_width": 2,
				"visible_bounds_height": 2.5,
				"visible_bounds_offset": [0, 0.75, 0]
			},
			"bones": [
				{
					"name": "all",
					"pivot": [0, 0, 0],
					"rotation": [0, -90, 0]
				},
				{
					"name": "hand",
					"parent": "all",
					"pivot": [0, 0, 0],
					"cubes": [
						{
							"origin": [-2, 2, 5],
							"size": [4, 6, 1],
							"pivot": [0, 0, 0],
							"rotation": [7.5, 0, 0],
							"uv": {
								"north": {"uv": [55, 58], "uv_size": [4, 6]},
								"east": {"uv": [54, 58], "uv_size": [1, 6]},
								"south": {"uv": [60, 58], "uv_size": [4, 6]},
								"west": {"uv": [59, 58], "uv_size": [1, 6]},
								"up": {"uv": [55, 57], "uv_size": [4, 1]},
								"down": {"uv": [59, 58], "uv_size": [4, -1]}
							}
						},
						{
							"origin": [-2, 2, -6],
							"size": [4, 6, 1],
							"pivot": [0, 0, 0],
							"rotation": [-7.5, 0, 0],
							"uv": {
								"north": {"uv": [55, 58], "uv_size": [4, 6]},
								"east": {"uv": [54, 58], "uv_size": [1, 6]},
								"south": {"uv": [60, 58], "uv_size": [4, 6]},
								"west": {"uv": [59, 58], "uv_size": [1, 6]},
								"up": {"uv": [55, 57], "uv_size": [4, 1]},
								"down": {"uv": [59, 58], "uv_size": [4, -1]}
							}
						}
					]
				},
				{
					"name": "feet",
					"parent": "all",
					"pivot": [0, 0, 0],
					"cubes": [
						{
							"origin": [-5, 0, 1],
							"size": [1, 0.7, 2],
							"uv": {
								"north": {"uv": [2.1, 28.1], "uv_size": [1, 0]},
								"east": {"uv": [0.1, 28.1], "uv_size": [2, 0]},
								"south": {"uv": [5.1, 28.1], "uv_size": [1, 0]},
								"west": {"uv": [3.1, 28.1], "uv_size": [2, 0]},
								"up": {"uv": [2.1, 26.1], "uv_size": [1, 2]},
								"down": {"uv": [3.1, 28.1], "uv_size": [1, -2]}
							}
						},
						{
							"origin": [-5, 0, -3],
							"size": [1, 0.7, 2],
							"uv": {
								"north": {"uv": [2, 28], "uv_size": [1, 0]},
								"east": {"uv": [0, 28], "uv_size": [2, 0]},
								"south": {"uv": [5, 28], "uv_size": [1, 0]},
								"west": {"uv": [3, 28], "uv_size": [2, 0]},
								"up": {"uv": [2, 26], "uv_size": [1, 2]},
								"down": {"uv": [3, 28], "uv_size": [1, -2]}
							}
						}
					]
				},
				{
					"name": "hade",
					"parent": "all",
					"pivot": [0, 0, 0],
					"cubes": [
						{
							"origin": [-3, 10, -3],
							"size": [6, 6, 6],
							"uv": {
								"north": {"uv": [6, 6], "uv_size": [6, 6]},
								"east": {"uv": [0, 6], "uv_size": [6, 6]},
								"south": {"uv": [18, 6], "uv_size": [6, 6]},
								"west": {"uv": [12, 6], "uv_size": [6, 6]},
								"up": {"uv": [6, 0], "uv_size": [6, 6]},
								"down": {"uv": [12, 6], "uv_size": [6, -6]}
							}
						},
						{
							"origin": [-4.5, 11.5, -0.75],
							"size": [1.5, 0.5, 1.5],
							"uv": {
								"north": {"uv": [29, 21], "uv_size": [1, 0]},
								"east": {"uv": [28, 21], "uv_size": [1, 0]},
								"south": {"uv": [31, 21], "uv_size": [1, 0]},
								"west": {"uv": [30, 21], "uv_size": [1, 0]},
								"up": {"uv": [29, 20], "uv_size": [1, 1]},
								"down": {"uv": [30, 21], "uv_size": [1, -1]}
							}
						}
					]
				},
				{
					"name": "body",
					"parent": "all",
					"pivot": [0, 0, 0],
					"cubes": [
						{
							"origin": [-4, 0, -4],
							"size": [8, 10, 8],
							"uv": {
								"north": {"uv": [8, 54], "uv_size": [8, 10]},
								"east": {"uv": [0, 54], "uv_size": [8, 10]},
								"south": {"uv": [24, 54], "uv_size": [8, 10]},
								"west": {"uv": [16, 54], "uv_size": [8, 10]},
								"up": {"uv": [8, 46], "uv_size": [8, 8]},
								"down": {"uv": [16, 54], "uv_size": [8, -8]}
							}
						}
					]
				}
			]
		}
	]
}