{
	"format_version": "1.8.0",
	"animations": {
		"animation.anchor.hand": {
			"loop": true,
			"bones": {
				"anchor": {
					"rotation": [17.5, 0, 0],
					"position": [6, -11, -1],
					"scale": 0.25
				},
				"rightItem": {
					"rotation": [35, 0, 0],
					"position": [-6, 7.8, -4.5]
				}
			}
		},
		"animation.anchor.first_person": {
			"loop": true,
			"bones": {
				"anchor": {
					"rotation": [17.5, 0, 0],
					"position": [6, -11, -1],
					"scale": 0.25
				},
				"rightItem": {
					"rotation": [116.0117, 18.39432, 33.27576],
					"position": [-5, -2.2, -3.5]
				}
			}
		}
	}
}