{
	"format_version": "1.8.0",
	"animations": {
		"animation.player.lie_down": {
			"loop": true,
			"bones": {
				"Head": {
					"rotation": [-90, 0, 0],
					"position": [0, -18, 7]
				},
				"Body": {
					"rotation": [-90, 0, 0],
					"position": [0, -17, 7]
				},
				"LeftArm": {
					"rotation": [-90, 0, 0],
					"position": [0, -16, 7]
				},
				"RightArm": {
					"rotation": [-90, 0, 0],
					"position": [0, -16, 7]
				},
				"LeftLeg": {
					"rotation": [-90, 0, 0],
					"position": [0, -5, -5]
				},
				"RightLeg": {
					"rotation": [-90, 0, 0],
					"position": [0, -5, -5]
				}
			}
		}
	}
}