{
	"format_version": "1.8.0",
	"animations": {
		"animation.wooden_box.on_dead": {
			"animation_length": 1,
			"bones": {
				"wooden_box": {
					"rotation": [0, 0, "Math.min(Math.sqrt(Math.max(0, query.anim_time * 20 - 0.5) / 20 * 1.6), 1) * -90"],
					"position": {
						"0.0": [0, 0, 0],
						"1.0": [0, 0, 0]
					}
				}
			}
		},
		"animation.wooden_box.break": {
			"loop": true,
			"animation_length": 1,
			"bones": {
				"wooden_box": {
					"rotation": {
						"0.0": [0, 0, 0],
						"1.0": [0, 0, 0]
					}
				},
				"wood_up": {
					"rotation": {
						"0.0": [0, 0, 0],
						"0.25": [0, 7.5, -55],
						"0.375": [0, 0, -55]
					},
					"position": {
						"0.0": [0, 0, 0],
						"0.25": [-12, -9, 0]
					}
				},
				"wood_down": {
					"rotation": {
						"0.0": [0, 0, 0],
						"0.25": [0, 25, 0]
					},
					"position": {
						"0.0": [0, 0, 0],
						"0.25": [7, 0, 0]
					}
				},
				"wood_side": {
					"rotation": {
						"0.0": [0, 0, 0],
						"0.25": [-8.8378, 14.94159, -5.17544]
					},
					"position": {
						"0.0": [0, 0, 0],
						"0.25": [0, -3, -1]
					}
				},
				"box": {
					"rotation": {
						"0.0": [0, 0, 0],
						"0.25": [0, 45, 0]
					},
					"position": {
						"0.0": [0, 0, 0],
						"0.125": [0, 0, 5],
						"0.25": [-1, -5, 4]
					},
					"scale": {
						"0.0": [1, 1, 1],
						"0.125": [1, 0.8, 0.8],
						"0.25": [0.8, 0.7, 0.8]
					}
				}
			}
		}
	}
}