{"format_version":"1.8.0","animations":{"animation.drive1":{"loop":true,"bones":{"leftArm":{"rotation":[0,"Math.max(-26, Math.min(26,query.yaw_speed * 0.5))",0]},"rightArm":{"rotation":[0,"Math.max(-26, Math.min(26,query.yaw_speed * 0.5))",0]},"head":{"rotation":[0,0,"Math.max(-30, Math.min(30,query.yaw_speed * 0.5))*-1"]}}},"animation.drive2":{"loop":true,"animation_length":0.1667,"bones":{"leftArm":{"rotation":{"0.0":[0,0,0],"0.1667":[180,0,0]}},"rightArm":{"rotation":{"0.0":[0,0,0],"0.1667":[180,0,0]}},"leftLeg":{"rotation":{"0.0":[0,0,0],"0.1667":[180,0,0]}},"rightLeg":{"rotation":{"0.0":[0,0,0],"0.1667":[180,0,0]}}}}}}