{
  "format_version": "1.8.0",
  "render_controllers": {
    "controller.render.wooden_box": {
      "geometry": "Geometry.default",
      "materials": [
        {
          "*": "Material.default"
        }
      ],
      "textures": [
        "Texture.default"
      ],
      "part_visibility": [
        { "*": true }
      ],
      "is_hurt_color": {
        "r": "0.0",
        "g": "0.0",
        "b": "0.0",
        "a": "0.0"
      },
      "on_fire_color": {
        "r": "1.0",
        "g": "0.0",
        "b": "0.0",
        "a": "0.0"
      }
    }
  }
}