{
	"format_version": "1.14.0",
	"sound_definitions": {
		// Misc
		"music1": {
			// "min_distance": 999999,
			"category": "music",
			"sounds": [
				{
					"name": "sounds/music/music1",
					"load_on_low_memory": true
				}
			]
		},
		"sofaraway": {
			// "min_distance": 999999,
			"category": "music",
			"sounds": [
				{
					"name": "sounds/music/sofaraway",
					"load_on_low_memory": true
				}
			]
		},
		"wuli": {
			// "min_distance": 999999,
			"category": "music",
			"sounds": [
				{
					"name": "sounds/music/wuli",
					"load_on_low_memory": true
				}
			]
		},
		"lovemiss": {
			// "min_distance": 999999,
			"category": "music",
			"sounds": [
				{
					"name": "sounds/music/lovemiss",
					"load_on_low_memory": true
				}
			]
		},
		"diaochazhong": {
			// "min_distance": 999999,
			"category": "music",
			"sounds": [
				{
					"name": "sounds/music/diaoChaZhong",
					"load_on_low_memory": true
				}
			]
		},
		"dancingiswhattodo": {
			// "min_distance": 999999,
			"category": "music",
			"sounds": [
				{
					"name": "sounds/music/DancingIsWhattodo",
					"load_on_low_memory": true
				}
			]
		},
		"maps": {
			// "min_distance": 999999,
			"category": "music",
			"sounds": [
				{
					"name": "sounds/music/maps",
					"load_on_low_memory": true
				}
			]
		},
		// Hutao
		"hutao1": {
			"category": "music",
			"sounds": [
				{
					"name": "sounds/hutao/hutao1",
					"load_on_low_memory": true
				}
			]
		},
		"hutao2": {
			"category": "music",
			"sounds": [
				{
					"name": "sounds/hutao/hutao2",
					"load_on_low_memory": true
				}
			]
		},
		"hutao3": {
			"category": "music",
			"sounds": [
				{
					"name": "sounds/hutao/hutao3",
					"load_on_low_memory": true
				}
			]
		}
	}
}