{
	"random_block": {
		"textures": "random_block"    //随机材质一定要在这里指定！！！！否则只会出现一个材质
		//"sound": "your_sound_name"
	},
	"testblock":{    //testblock:随机面+动态面+六面
		"textures":{
			"up":"random_block",
			"down": "testblock",
			"east": "fire_0",
			"north": "magma",
			"south": "fire_1",
			"west": "testblock"
			// "side": "xxx"//包括东南西北，不可并用

		}
	},
	"color_block1": {"textures":"color_block1","sound":"metal"},
	"color_block2": {"textures":"color_block2","sound":"metal"},
	"color_block3": {"textures":"color_block3","sound":"metal"},
	"color_block4": {"textures":"color_block4","sound":"metal"},
	"color_block5": {"textures":"color_block5","sound":"metal"},
	"color_block6": {"textures":"color_block6","sound":"metal"},
	"color_block7": {"textures":"color_block7","sound":"metal"},
	"color_block8": {"textures":"color_block8","sound":"metal"},
	"color_block9": {"textures":"color_block9","sound":"metal"},
	"color_block10": {"textures":"color_block10","sound":"metal"},
	"color_block11": {"textures":"color_block11","sound":"metal"},
	"color_block12": {"textures":"color_block12","sound":"metal"},
	"color_block13": {"textures":"color_block13","sound":"metal"},
	"color_block14": {"textures":"color_block14","sound":"metal"},
	"color_block15": {"textures":"color_block15","sound":"metal"},
	"color_block16": {"textures":"color_block16","sound":"metal"},
	"color_block17": {"textures":"color_block17","sound":"metal"},
	"color_block18": {"textures":"color_block18","sound":"metal"},
	"color_block19": {"textures":"color_block19","sound":"metal"},
	"color_block20": {"textures":"color_block20","sound":"metal"},
	"color_block21": {"textures":"color_block21","sound":"metal"},
	"color_block22": {"textures":"color_block22","sound":"metal"},
	"color_block23": {"textures":"color_block23","sound":"metal"},
	"color_block24": {"textures":"color_block24","sound":"metal"},
	"color_block25": {"textures":"color_block25","sound":"metal"},
	"color_block26": {"textures":"color_block26","sound":"metal"},
	"color_block27": {"textures":"color_block27","sound":"metal"},
	"color_block28": {"textures":"color_block28","sound":"metal"},
	"color_block29": {"textures":"color_block29","sound":"metal"},
	"color_block30": {"textures":"color_block30","sound":"metal"},
	"color_block31": {"textures":"color_block31","sound":"metal"},
	"color_block32": {"textures":"color_block32","sound":"metal"},
	"color_block33": {"textures":"color_block33","sound":"metal"},
	"color_block34": {"textures":"color_block34","sound":"metal"},
	"color_block35": {"textures":"color_block35","sound":"metal"},
	"color_block36": {"textures":"color_block36","sound":"metal"},
	"color_block37": {"textures":"color_block37","sound":"metal"},
	"color_block38": {"textures":"color_block38","sound":"metal"},
	"color_block39": {"textures":"color_block39","sound":"metal"},
	"color_block40": {"textures":"color_block40","sound":"metal"},
  "format_version": [
    1,
    1,
    0
  ]
}