{
	"format_version": "1.12.0",
	"minecraft:geometry": [
		{
			"description": {
				"identifier": "geometry.axolotl_head",
				"texture_width": 64,
				"texture_height": 64,
				"visible_bounds_width": 3,
				"visible_bounds_height": 4.5,
				"visible_bounds_offset": [0, 1.75, 0]
			},
			"bones": [
				{
					"name": "head",
					"pivot": [0, 33.63343, -2.53045]
				},
				{
					"name": "axolotl_head",
					"parent": "head",
					"pivot": [0, 32.63343, -2.53045],
					"cubes": [
						{"origin": [-4, 31.2, -2.9], "size": [8, 4, 3], "uv": [7, 18]},
						{"origin": [0, 31.5, -2.9], "size": [0, 5, 3], "uv": [19, 17]},
						{"origin": [-5, 25.2, -3.9], "size": [3, 5, 0], "pivot": [-4.5, 29.7, -1.9], "rotation": [-25, 0, 0], "uv": [2, 13]},
						{"origin": [-5, 27.28297, 2.63912], "size": [3, 5, 0], "pivot": [-3.5, 29.38297, 1.63912], "rotation": [52.5, 0, 0], "uv": [2, 13]},
						{"origin": [2, 26.65019, 2.53071], "size": [3, 5, 0], "pivot": [3.5, 29.15019, 1.03071], "rotation": [60, 0, 0], "uv": [2, 13]},
						{"origin": [2, 25.2, -3.9], "size": [3, 5, 0], "pivot": [4.5, 29.7, -1.9], "rotation": [-25, 0, 0], "uv": [2, 13]},
						{"origin": [-4, 31.2, -7.9], "size": [8, 5, 5], "uv": [0, 1]},
						{"origin": [4, 31.2, -3.9], "size": [3, 7, 0], "uv": [11, 40]},
						{"origin": [-7, 31.2, -3.9], "size": [3, 7, 0], "uv": [0, 40]},
						{"origin": [-4, 36.2, -3.9], "size": [8, 3, 0], "uv": [3, 37]}
					]
				}
			]
		}
	]
}