{
	"format_version": "1.12.0",
	"minecraft:geometry": [
		{
			"description": {
				"identifier": "geometry.bat2",
				"texture_width": 64,
				"texture_height": 64,
				"visible_bounds_width": 6,
				"visible_bounds_height": 4,
				"visible_bounds_offset": [0, 0, 0]
			},
			"bones": [
				{
					"name": "bb_main",
					"pivot": [0, 0, 0],
					"cubes": [
						{"origin": [-1, 0, 0], "size": [1, 1, 1], "uv": [0, 0]}
					]
				},
				{
					"name": "head",
					"pivot": [0, 5, 0],
					"cubes": [
						{"origin": [-3, 2, -2], "size": [6, 6, 6], "uv": [0, 0]}
					]
				},
				{
					"name": "rightEar",
					"parent": "head",
					"pivot": [0, 5, 0],
					"cubes": [
						{"origin": [-4, 7, -3.5], "size": [3, 4, 1], "uv": [24, 0]}
					]
				},
				{
					"name": "leftEar",
					"parent": "head",
					"pivot": [0, 5, 0],
					"mirror": true,
					"cubes": [
						{"origin": [1, 7, -3.5], "size": [3, 4, 1], "uv": [24, 0]}
					]
				},
				{
					"name": "body",
					"pivot": [0, 4, 0],
					"rotation": [87.5, 0, 0],
					"cubes": [
						{"origin": [-3, -12, -3], "size": [6, 12, 6], "uv": [0, 16]},
						{"origin": [-5, -28, 0], "size": [10, 16, 1], "uv": [0, 34]}
					]
				},
				{
					"name": "rightWing",
					"parent": "body",
					"pivot": [0, 4, 0],
					"rotation": [0, 12.5, 0],
					"cubes": [
						{"origin": [-12, -13, 1.5], "size": [10, 16, 1], "uv": [42, 0]}
					]
				},
				{
					"name": "rightWingTip",
					"parent": "rightWing",
					"pivot": [-12, 3, 1.5],
					"cubes": [
						{"origin": [-20, -10, 1.5], "size": [8, 12, 1], "uv": [24, 16]}
					]
				},
				{
					"name": "leftWing",
					"parent": "body",
					"pivot": [0, 4, 0],
					"rotation": [0, -10, 0],
					"mirror": true,
					"cubes": [
						{"origin": [2, -13, 1.5], "size": [10, 16, 1], "uv": [42, 0]}
					]
				},
				{
					"name": "leftWingTip",
					"parent": "leftWing",
					"pivot": [12, 3, 1.5],
					"mirror": true,
					"cubes": [
						{"origin": [12, -10, 1.5], "size": [8, 12, 1], "uv": [24, 16]}
					]
				}
			]
		}
	]
}