{
	"format_version": "1.12.0",
	"minecraft:geometry": [
		{
			"description": {
				"identifier": "geometry.bat2.1st",
				"texture_width": 64,
				"texture_height": 64,
				"visible_bounds_width": 6,
				"visible_bounds_height": 4,
				"visible_bounds_offset": [0, 0, 0]
			},
			"bones": [
				{
					"name": "body",
					"pivot": [0, 4, 0],
					"rotation": [87.5, 0, 0]
				},
				{
					"name": "rightWing",
					"parent": "body",
					"pivot": [-14, 4, 0],
					"rotation": [-9.61505, 23.61038, -48.1944],
					"cubes": [
						{"origin": [-26, -13, 1.5], "size": [10, 16, 1], "uv": [42, 0]}
					]
				},
				{
					"name": "rightWingTip",
					"parent": "rightWing",
					"pivot": [-26, 3, 1.5],
					"cubes": [
						{"origin": [-34, -10, 1.5], "size": [8, 12, 1], "uv": [24, 16]}
					]
				},
				{
					"name": "leftWing",
					"parent": "body",
					"pivot": [12, 4, 0],
					"rotation": [-6.71529, -25.31063, 39.95898],
					"mirror": true,
					"cubes": [
						{"origin": [14, -13, 1.5], "size": [10, 16, 1], "uv": [42, 0]}
					]
				},
				{
					"name": "leftWingTip",
					"parent": "leftWing",
					"pivot": [24, 3, 1.5],
					"mirror": true,
					"cubes": [
						{"origin": [24, -10, 1.5], "size": [8, 12, 1], "uv": [24, 16]}
					]
				}
			]
		}
	]
}