{
    "format_version": "1.8.0",
    "minecraft:client_entity": {
      "description": {
        "identifier": "np:wooden_box",
        "min_engine_version": "1.8.0",
        "materials": {
          "default": "experience_orb"//这个可以实现动画，并且不透明度100
        },
        "textures": {
          "default": "textures/entity/pnx_entity/wooden_box.png"
        },
        "geometry": {
          "default": "geometry.wooden_box"
        },
        "spawn_egg": {
          "texture": "spawn_egg",
          "texture_index": 6
        },
        "scripts": {
        },
        "animations": {
          "box_dead": "animation.wooden_box.on_dead",
          "box_break":"animation.wooden_box.break"
        },
        "animation_controllers": [
          { "creeper_head": "controller.animation.creeper.head" },
          { "creeper_legs": "controller.animation.creeper.legs" },
          { "creeper_swelling": "controller.animation.creeper.swelling" }
        ],
        "render_controllers": [ 
          "controller.render.wooden_box"
        ]
      }
    }
  }