{
	"format_version": "1.12.0",
	"minecraft:geometry": [
		{
			"description": {
				"identifier": "geometry.wooden_box",
				"texture_width": 128,
				"texture_height": 128,
				"visible_bounds_width": 4,
				"visible_bounds_height": 4,
				"visible_bounds_offset": [0, 0, 0]
			},
			"bones": [
				{
					"name": "wooden_box",
					"pivot": [0, 11, 0],
					"rotation": [0, -90, 0]
				},
				{
					"name": "box",
					"parent": "wooden_box",
					"pivot": [0, 0, 0],
					"cubes": [
						{"origin": [-9.5, 1, -9.5], "size": [19, 20, 19], "uv": [0, 0]}
					]
				},
				{
					"name": "wood_up",
					"parent": "wooden_box",
					"pivot": [0, 20.5, 0],
					"cubes": [
						{"origin": [-12, 19, 8], "size": [24, 3, 3], "uv": [51, 42]},
						{"origin": [-12, 19, 8], "size": [24, 3, 3], "pivot": [0, -2, 0], "rotation": [0, 180, 0], "uv": [0, 51]},
						{"origin": [-8, 19, 8], "size": [16, 3, 3], "pivot": [0, -2, 0], "rotation": [0, -90, 0], "uv": [57, 0]},
						{"origin": [-8, 19, 8], "size": [16, 3, 3], "pivot": [0, -2, 0], "rotation": [0, 90, 0], "uv": [0, 57]}
					]
				},
				{
					"name": "wood_down",
					"parent": "wooden_box",
					"pivot": [0, -21, 0],
					"cubes": [
						{"origin": [-12, 0, 8], "size": [24, 3, 3], "uv": [0, 45]},
						{"origin": [-12, 0, 8], "size": [24, 3, 3], "pivot": [0, -21, 0], "rotation": [0, 180, 0], "uv": [0, 39]},
						{"origin": [-8, 0, 8], "size": [16, 3, 3], "pivot": [0, -21, 0], "rotation": [0, -90, 0], "uv": [51, 54]},
						{"origin": [-8, 0, 8], "size": [16, 3, 3], "pivot": [0, -21, 0], "rotation": [0, 90, 0], "uv": [51, 48]}
					]
				},
				{
					"name": "wood_side",
					"parent": "wooden_box",
					"pivot": [0, -2, 0],
					"cubes": [
						{"origin": [7.5, 3, 7.5], "size": [3, 16, 3], "uv": [62, 60]},
						{"origin": [-10.5, 3, 7.5], "size": [3, 16, 3], "uv": [50, 60]},
						{"origin": [-10.5, 3, -10.5], "size": [3, 16, 3], "uv": [38, 57]},
						{"origin": [7.5, 3, -10.5], "size": [3, 16, 3], "uv": [0, 0]}
					]
				}
			]
		}
	]
}