{
  "format_version": "1.10.0",
  "minecraft:attachable": {
    "description": {
      "identifier": "np:boot_1",
      "item": { "np:boot_1": "query.is_owner_identifier_any == 'minecraft:player'" },
      "materials": {
        "default": "armor",
        "enchanted": "armor_enchanted"
      },
      "textures": {
        "default": "textures/models/armor/amethyst_boots",
        "enchanted": "textures/misc/enchanted_item_glint"
      },
      "geometry": {
        "default": "geometry.player.armor.boots"
      },
      "scripts": {
        "parent_setup": "variable.boot_layer_visible = 0.0;"
      },
      "render_controllers": [ "controller.render.armor" ]
    }
  }
}
