{
  "format_version": "1.10.0",
  "minecraft:attachable": {
    "description": {
      "identifier": "np:anchor_egg",
      "item": { "np:anchor_egg": "query.is_owner_identifier_any == 'minecraft:player'" },
      "materials": {
        "default": "entity_alphatest",
        "enchanted": "entity_alphatest_glint"
      },
      "textures": {
        "visible": "textures/entity/pnx_entity/anchor",
        "invisible": "textures/items/pnx_item/empty",
        "enchanted": "textures/misc/enchanted_item_glint"
      },
      "geometry": {
        "anchor": "geometry.anchor"
      },
      "scripts": {
        "animate":[
          {
            "anchor":"!c.is_first_person"
          },
          {
            "anchor2":"c.is_first_person"
          }
        ]
      },
      "animations":{
        "anchor":"animation.anchor.hand",
    	  "anchor2":"animation.anchor.first_person"
      },
      "render_controllers": [ "controller.render.anchor2" ] 
    }
  }
}
