{
    "namespace": "game",
    "blackbarbar_game": {
        "type": "stack_panel",
        "anchor_from": "top_middle",
        "anchor_to": "top_middle",
        "size": ["90% - 30px", "80% - 20px"],
        "offset": [0, 15],
        "orientation": "vertical",
        "controls": [
            {
                "title": {
                    "type": "panel",
                    "anchor_from": "center",
                    "anchor_to": "center",
                    "size": [ "100%", 21 ],
                    "controls" :[
                        {
                            "modal_title" :{
                                "type": "label",
                                "font_type": "MinecraftTen",
                                "localize": false,
                                "text": "#title_text",
                                "color": "black",
                                "text_alignment": "left",
                                "font_scale_factor": 2,
                                "anchor_from": "top_left",
                                "anchor_to": "top_left",
                                "size": ["default", 20],
                                "offset": [ 0, 0 ],
                                "layer": 53,
                                "shadow": true,
                                "bindings": [
                                    {
                                        "binding_name": "#title_text",
                                        "binding_type": "global"
                                    }
                                ]
                            }
                        },
                        {
                           "close_button@custom_close.blackbarbar_close_button":{}
                        }
                    ]
                }
            },
            {
                "padding": {
                    "type": "panel",
                    "size": ["100%c", 5],
                    "anchor_from": "top_left",
                    "anchor_to": "top_left"
                }
            },
            {
                "contents": {
                    "size": ["100%", "100%"],
                    "layer": 2,
                    "type": "image",
                    "texture": "textures/ui/background/whitetransparency",
                    "color": "black",
                    "keep_ratio": false,
                    "alpha": 0.6,
                    "controls": [
                        {
                            "blackbarbar_game_scroll_panel@game.blackbarbar_game_scroll_panel": {}
                        }
                    ]
                }
            }
        ]
    },
    "blackbarbar_game_scroll_panel@common.scrolling_panel": {
        "anchor_to": "top_left",
        "anchor_from": "top_left",
        "$show_background": false,
        "size": ["100%", "100%"],
        "$scrolling_content": "game.blackbarbar_game_grid_wrapper",
        "$scroll_size": [5, "100% - 4px"],
        "$scrolling_pane_size": ["100%", "100%"],
        "$scrolling_pane_offset": [0, 0],
        "$scroll_bar_right_padding_size": [2, 0]
    },
    "blackbarbar_game_grid_wrapper": {
        "type": "panel",
        "anchor_from": "top_right",
        "anchor_to": "top_right",
        "offset": [5, 0],
        "size" :["100% - 5px", "100%c"],
        "controls": [
            {
                "modal_description": {
                    "type": "label",
                    "font_type": "Mojangles",
                    "localize": false,
                    "text": "#form_text",
                    "color": "white",
                    "text_alignment": "center",
                    "font_scale_factor": 1,
                    "anchor_from": "top_middle",
                    "anchor_to": "top_middle",
                    "size": ["default", 20],
                    "offset": [0, 15],
                    "layer": 53,
                    "shadow": true,
                    "bindings": [
                        {
                            "binding_name": "#form_text",
                            "binding_type": "global"
                        }
                    ]
                }
            },
            {
                "blackbarbar_game_grid@game.blackbarbar_game_grid": {
                    "offset": [0, 15]
                }
            }
        ]
    },
    "blackbarbar_game_grid": {
        "type": "grid",
        "size": ["100%", "100%c"],
        "anchor_from": "top_middle",
        "anchor_to": "top_middle",
        "grid_item_template": "game.blackbarbar_game_entry",
        "grid_rescaling_type": "horizontal",
        "collection_name": "form_buttons",
        "bindings": [
            {
                "binding_name": "#form_button_length",
                "binding_name_override": "#maximum_grid_items"
            }
        ]
    },
    "blackbarbar_game_entry":{
        "size": ["33%", 140],
        "$background": "textures/ui/game/whitetransparency",
        "type":"panel",
        "controls":[
            {
                "button_please_work@common.button":{
                "size":[
                    "100%",
                    "100%"
                ],
                "layer":1,
                "$pressed_button_name": "button.form_button_click",
                "controls":[
                    {
                        "default@game.blackbarbar_game_entry_inside":{
                            "$state":"default"
                        }
                    },
                    {
                        "hover@game.blackbarbar_game_entry_inside":{
                            "$state":"hover"
                        }
                    },
                    {
                        "pressed@game.blackbarbar_game_entry_inside":{
                            "$state":"pressed"
                        }
                    }
                ],
                "bindings":[
                    {
                        "binding_type":"collection_details",
                        "binding_collection_name":"form_buttons"
                    },
                    {
                        "binding_name":"#form_button_text",
                        "binding_type":"collection",
                        "binding_collection_name":"form_buttons"
                    },
                    {
                        "binding_type":"view",
                        "source_property_name":"(not ((#form_button_text = '') or (#form_button_text = 'loading')))",
                        "target_property_name":"#visible"
                    }
                ]
                }
            }
        ],
        "bindings":[
            {
                "binding_name":"#form_button_text",
                "binding_type":"collection",
                "binding_collection_name":"form_buttons"
            }
        ]
    },
    "blackbarbar_game_entry_inside":{
        "type":"stack_panel",
        "anchor_from":"top_left",
        "anchor_to":"top_left",
        "offset":[
            5,
            5
        ],
        "size":[
            "100% - 10px",
            "100% - 10px"
        ],
        "orientation":"vertical",
        "$color|default":"black",
        "variables":[
            {
                "requires":"($state = 'hover')",
                "$color":[
                0.2,
                0.2,
                0.2
                ]
            }
        ],
        "controls":[
            {
                "entry_icon":{
                "size":[
                    "100%",
                    "fill"
                ],
                "layer":10,
                "type":"image",
                "keep_ratio":true,
                "bindings":[
                    {
                        "binding_name":"#form_button_texture",
                        "binding_name_override":"#texture",
                        "binding_type":"collection",
                        "binding_collection_name":"form_buttons"
                    },
                    {
                        "binding_name":"#form_button_texture_file_system",
                        "binding_name_override":"#texture_file_system",
                        "binding_type":"collection",
                        "binding_collection_name":"form_buttons"
                    },
                    {
                        "binding_type":"view",
                        "source_property_name":"(not ((#texture = '') or (#texture = 'loading')))",
                        "target_property_name":"#visible"
                    }
                ]
                }
            },
            {
                "entry_description":{
                "size":[
                    "100%",
                    "100%c + 12px"
                ],
                "layer":2,
                "type":"image",
                "texture":"textures/ui/background/whitetransparency",
                "color": "$color",
                "keep_ratio":false,
                "alpha": 0.65,
                "controls":[
                        {
                            "entry_description_label":{
                                "type":"label",
                                "font_type":"default",
                                "text":"#form_button_text",
                                "line_padding":2,
                                "color":"white",
                                "font_scale_factor":1,
                                "anchor_from":"top_middle",
                                "anchor_to":"top_middle",
                                "offset":[
                                6,
                                6
                                ],
                                "size":[
                                "100% - 8px",
                                "default"
                                ],
                                "layer":5,
                                "shadow":true,
                                "bindings":[
                                    {
                                        "binding_type":"collection",
                                        "binding_collection_name":"form_buttons",
                                        "binding_condition":"none",
                                        "binding_name":"#form_button_text",
                                        "binding_name_override":"#form_button_text"
                                    }
                                ]
                            }
                        }
                    ]
                }
            }
        ]
    }
}