{
  "format_version": "1.8.0",
  "render_controllers": {

    "controller.render.anchor": {
      "geometry": "Geometry.default",
      "part_visibility": [
        { "*": true }
      ],
      "materials": [ { "*": "Material.default" } ],
      "textures": [ "Texture.default" ],
      "light_color_multiplier": 1,
      "ignore_lighting" : true
    },

    "controller.render.anchor2":{
      "arrays": {
        "textures": {
          "array.visible": [
            "texture.visible"
          ],
          "array.invisible": [
            "texture.invisible"
          ]
        }
      },
      "geometry": "Geometry.anchor",
      "textures": [ "temp.life_time = query.life_time; return (query.is_invisible || query.has_any_family('monster')) ? array.visible[temp.life_time] : array.visible[temp.life_time];", 
			"texture.enchanted" 
		],
      "materials": [ { "*": "variable.is_enchanted ? material.enchanted : Material.default" } ]
    }
  }
}
