{
  "format_version": "1.8.0",
  "render_controllers": {
    "controller.render.background": {
      "arrays": {
        "textures": {
          "Array.textures": [
            "Texture.background1",
            "Texture.background2",
            "Texture.background3", 
            "Texture.background4", 
            "Texture.background5", 
            "Texture.background6", 
            "Texture.background7", 
            "Texture.background8", 
            "Texture.background9", 
            "Texture.background10", 
            "Texture.background11",
            "Texture.background12",
            "Texture.background13", 
            "Texture.background14", 
            "Texture.background15", 
            "Texture.background16", 
            "Texture.background17", 
            "Texture.background18", 
            "Texture.background19", 
            "Texture.background20", 
            "Texture.background21",
            "Texture.background22",
            "Texture.background23", 
            "Texture.background24", 
            "Texture.background25", 
            "Texture.background26", 
            "Texture.background27", 
            "Texture.background28", 
            "Texture.background29", 
            "Texture.background30", 
            "Texture.background31",
            "Texture.background32",
            "Texture.background33", 
            "Texture.background34", 
            "Texture.background35", 
            "Texture.background36", 
            "Texture.background37", 
            "Texture.background38", 
            "Texture.background39", 
            "Texture.background40", 
            "Texture.background41",
            "Texture.background42",
            "Texture.background43", 
            "Texture.background44", 
            "Texture.background45", 
            "Texture.background46", 
            "Texture.background47"
          ]
        },
        "materials": {
          "Array.materials": [
            "Material.background"
          ]
        },
        "geometries": {
          "Array.geometries": [
            "Geometry.background"
          ]
        }
      },
      "geometry": "Geometry.background",

      "materials": [ 
        { "*":"Material.background"}
      ],
      "textures": [
        "query.variant== 0? texture.background1 :( query.variant==1 ? texture.background1 :( query.variant == 2 ? texture.background2 : (query.variant == 3 ? texture.background3 :(query.variant == 4 ? texture.background4 :( query.variant==5 ? texture.background5 :( query.variant == 6 ? texture.background6 :( query.variant == 7 ? texture.background7 :( query.variant == 8 ? texture.background8:(query.variant==9 ? texture.background9 :( query.variant == 10 ? texture.background10 : (query.variant == 11 ? texture.background11 :( query.variant == 12 ? texture.background12:(query.variant==13 ? texture.background13 :( query.variant == 14 ? texture.background14 : (query.variant == 15 ? texture.background15 :( query.variant == 16 ? texture.background16:(query.variant==17 ? texture.background17 :( query.variant == 18 ? texture.background18 : (query.variant == 19 ? texture.background19 : (query.variant == 20 ? texture.background20:(query.variant==21 ? texture.background21 :( query.variant == 22 ? texture.background22 : (query.variant == 23 ? texture.background23 : (query.variant == 24 ? texture.background24:(query.variant==25 ? texture.background25 :( query.variant == 26 ? texture.background26 : (query.variant == 27 ? texture.background27 :( query.variant == 28 ? texture.background28:(query.variant==29 ? texture.background29 :( query.variant == 30 ? texture.background30 : (query.variant == 31 ? texture.background31 :( query.variant == 32 ? texture.background32:(query.variant==33 ? texture.background33 :( query.variant == 34 ? texture.background34 : (query.variant == 35 ? texture.background35 :( query.variant == 36 ? texture.background36:(query.variant==37 ? texture.background37 :( query.variant == 38 ? texture.background38 : (query.variant == 39 ? texture.background39 :( query.variant == 40 ? texture.background40:(query.variant==41 ? texture.background41 :( query.variant == 42 ? texture.background42 : (query.variant == 43 ? texture.background43 :( query.variant == 44 ? texture.background44:(query.variant==45 ? texture.background45 :( query.variant == 46 ? texture.background46 : (query.variant == 47 ? texture.background47)))))))))))))))))))))))))))))))))))))))))))))))"
      ],
      "part_visibility": [
        { "*": true}
      ],
      "light_color_multiplier": 1,
      "ignore_lighting" : true
    }
  }
}