{
  "format_version": "1.8.0",
  "render_controllers": {
    "controller.render.creeper": {
      "geometry": "Geometry.default",
      "part_visibility": [
        { "*": true }
      ],
      "materials": [ { "*": "Material.default" } ],
      "textures": [ "Texture.default" ],
      "overlay_color": {
        "r": "((v.flash == 0.0) || (query.swelling_dir < 0.0)) ? this : 1.0",
        "g": "((v.flash == 0.0) || (query.swelling_dir < 0.0)) ? this : 1.0",
        "b": "((v.flash == 0.0) || (query.swelling_dir < 0.0)) ? this : 1.0",
        "a": "((v.flash == 0.0) || (query.swelling_dir < 0.0)) ? this : 1.0"
    },
    "uv_anim": {      //query.life_time*0.2-math.floor(query.life_time*0.2/0.75)*0.75    来去瞬回
      "offset": [ "(math.cos(query.life_time*45)) * 0.2", 
                  "(math.cos(query.life_time*45)) * 0.2"],
      "scale": [ 1, 1 ]
  },
      "light_color_multiplier": 0.9,
      "ignore_lighting" : true
    },


    "controller.render.creeper_face": {
      "geometry": "Geometry.face",
      "part_visibility": [
        { "*": true }
      ],
      "materials": [ { "*": "Material.face" } ],
      "textures": [ "Texture.face" ],
      "overlay_color": {
        "r": "((v.flash == 0.0) || (query.swelling_dir < 0.0)) ? this : 1.0",
        "g": "((v.flash == 0.0) || (query.swelling_dir < 0.0)) ? this : 1.0",
        "b": "((v.flash == 0.0) || (query.swelling_dir < 0.0)) ? this : 1.0",
        "a": "((v.flash == 0.0) || (query.swelling_dir < 0.0)) ? this : 1.0"
    },
    "uv_anim": {      //query.life_time*0.2-math.floor(query.life_time*0.2/0.75)*0.75    来去瞬回
      "offset": [ "0", 
                  "0"],
      "scale": [ 1, 1 ]
  },
      "light_color_multiplier": 1,
      "ignore_lighting" : true
    },

    "controller.render.creeper_eye": {
      "geometry": "Geometry.eye",
      "part_visibility": [
        { "*": true }
      ],
      "materials": [ { "*": "Material.eye" } ],
      "textures": [ "Texture.eye" ],
      "overlay_color": {
        "r": "((v.flash == 0.0) || (query.swelling_dir < 0.0)) ? this : 1.0",
        "g": "((v.flash == 0.0) || (query.swelling_dir < 0.0)) ? this : 1.0",
        "b": "((v.flash == 0.0) || (query.swelling_dir < 0.0)) ? this : 1.0",
        "a": "((v.flash == 0.0) || (query.swelling_dir < 0.0)) ? this : 1.0"
    },
    "uv_anim": {      //query.life_time*0.2-math.floor(query.life_time*0.2/0.75)*0.75    来去瞬回
      "offset": [ "0", 
                  "(-math.floor(query.life_time*0.1-math.ceil(query.life_time*0.1/0.75-1.4)*0.75))*0.1"],
      "scale": [ 1, 1 ]
  },
      "light_color_multiplier": 1,
      "ignore_lighting" : true
    }
  }
}
