{
  "format_version": "1.8.0",
  "render_controllers": {
    "controller.render.player.first_person": {
      "arrays": {
        "textures": {
          "Array.textures": [
            "Texture.default"
          ]
        },
        "materials": {
          "Array.materials": [
            "Material.default"
          ]
        },
        "geometries": {
          "Array.geometries": [
            "Geometry.default"
          ]
        }
      },
      "geometry": "query.variant == 0 ? geometry.default :( query.variant == 2 ? geometry.bat2 : (query.variant == 1? geometry.default))",
      "materials": [ 
        { "*": "Material.default"}
      ],
      "textures": [
        "query.variant==1 ? texture.default :( query.variant == 2 ? texture.bat2 : (query.variant == 0 ? texture.default))"
      ],
      "part_visibility": [
        { "*": false },  //改为true会全覆盖，看到自己的头。。。
        { "rightArm": "query.get_equipped_item_name(0, 1) == '' || query.get_equipped_item_name(0, 1) == 'filled_map'" },
        { "rightSleeve": "query.get_equipped_item_name(0, 1) == '' || query.get_equipped_item_name(0, 1) == 'filled_map'" },
        { "leftArm": "(query.get_equipped_item_name(0, 1) == 'filled_map' && query.get_equipped_item_name('off_hand') != 'shield') || (query.get_equipped_item_name('off_hand') == 'filled_map' && !query.item_is_charged) || (!query.item_is_charged && (v.item_use_normalized > 0 && v.item_use_normalized < 1.0)) || (query.variant == 1 || query.variant == 3 || query.variant == 11 || query.variant == 13 || query.variant == 19 || query.variant == 25) ? query.get_equipped_item_name(1) == '' || query.get_equipped_item_name(1) == 'filled_map'" },
        { "leftSleeve": "(query.get_equipped_item_name(0, 1) == 'filled_map' && query.get_equipped_item_name('off_hand') != 'shield') || (query.get_equipped_item_name('off_hand') == 'filled_map' && !query.item_is_charged) || (!query.item_is_charged && (v.item_use_normalized > 0 && v.item_use_normalized < 1.0))" },
        { "leg2": "query.get_equipped_item_name(0, 1) == '' || query.get_equipped_item_name(0, 1) == 'filled_map'" },
        { "leg3": "(query.get_equipped_item_name(0, 1) == 'filled_map' && query.get_equipped_item_name('off_hand') != 'shield') || (query.get_equipped_item_name('off_hand') == 'filled_map' && !query.item_is_charged) || (!query.item_is_charged && (v.item_use_normalized > 0 && v.item_use_normalized < 1.0))" },
        { "chest*": "query.is_chested && query.variant == 32" },
        {"rightWing":"query.is_in_water"},
        {"leftWing":"query.is_in_water"}  //新添第一人称可视部位
      ],
      "overlay_color": {
        "r": "query.is_sneaking && query.variant == 5 ? 1.0",
        "g": "query.is_sneaking && query.variant == 5 ? 1.0",
        "b": "query.is_sneaking && query.variant == 5 ? 1.0",
        "a": "query.is_sneaking && query.variant == 5 ? 1.0"
      }
    },

    "controller.render.player.third_person": {
      "arrays": {
        "textures": {
          "Array.textures": [
            "Texture.default"
          ]
        },
        "materials": {
          "Array.materials": [
            "Material.default"
          ]
        },
        "geometries": {
          "Array.geometries": [
            "Geometry.default"
          ]
        }
      },
      "geometry": "geometry.default",

      "materials": [ 
        { "*":"material.default"}
      ],
      "textures": [
        "texture.default"
      ],
      "part_visibility": [
        { "*": true },
        { "helmet": "v.helmet_layer_visible" },
        { "leftLegging": "v.leg_layer_visible" },
        { "rightLegging": "v.leg_layer_visible" },
        { "leftBoot": "v.boot_layer_visible" },
        { "rightBoot": "v.boot_layer_visible" },
        { "leftSock": "v.boot_layer_visible && v.leg_layer_visible" },
        { "rightSock": "v.boot_layer_visible && v.leg_layer_visible" },
        { "bodyArmor": "v.chest_layer_visible && !query.has_cape" },
        { "leftArmArmor": "v.chest_layer_visible && !query.has_cape" },
        { "rightArmArmor": "v.chest_layer_visible && !query.has_cape" },
        { "belt": "v.chest_layer_visible && v.leg_layer_visible" },
        { "leg*": "!query.is_sleeping && query.variant == 12 ? true : query.variant != 12" },
        { "head": "!query.is_sleeping && query.variant == 12 ? true : query.variant != 12" },
        { "head_sleeping": "query.is_sleeping && query.variant == 12" },
        { "rightArm": "query.equipped_item_any_tag('slot.weapon.mainhand', 'minecraft:is_axe', 'minecraft:is_sword') && query.variant == 27 ? true : query.variant != 27" },
        { "leftArm": "query.equipped_item_any_tag('slot.weapon.mainhand', 'minecraft:is_axe', 'minecraft:is_sword') && query.variant == 27 ? true : query.variant != 27" },
        { "arms": "!query.equipped_item_any_tag('slot.weapon.mainhand', 'minecraft:is_axe', 'minecraft:is_sword') && query.variant == 27 ? true : query.variant != 27" },
        { "chest*": "query.is_chested " }
      ],
      "overlay_color": {
        "r": "query.is_sneaking && query.variant == 5 ? 1.0",
        "g": "query.is_sneaking && query.variant == 5 ? 1.0",
        "b": "query.is_sneaking && query.variant == 5 ? 1.0",
        "a": "query.is_sneaking && query.variant == 5 ? 1.0"
      },
      "light_color_multiplier": 0.8,//内发光强度
      "ignore_lighting" : true//是否被光照影响。
    },

    "controller.render.bat2.1st":{
      "materials": [ { "*": "Material.bat2" } ],
      "geometry":"Geometry.bat2",
      "textures": [ "Texture.bat2" ],
      "part_visibility": [
        {"*":"query.variant==2"}
                  ]
    }
  }
}