{
  "format_version": "1.8.0",
  "render_controllers": {
    "controller.render.axolotl_head": {
      "arrays": {
        "textures": {
          "Array.textures": [
            "Texture.axolotl_head1",
            "Texture.axolotl_head2",
            "Texture.axolotl_head3",
            "Texture.axolotl_head4",
            "Texture.axolotl_head5"
          ]
        },
        "materials": {
          "Array.materials": [
            "Material.axolotl_head"
          ]
        },
        "geometries": {
          "Array.geometries": [
            "Geometry.axolotl_head"
          ]
        }
      },
      "geometry": "Geometry.axolotl_head",
      "materials": [ 
        { "*": "Material.axolotl_head"}
      ],
      "textures": [
        "v.mod_a==1? texture.axolotl_head1 : (v.mod_a==2 ? texture.axolotl_head2 :(v.mod_a==3? texture.axolotl_head3 : (v.mod_a==4? texture.axolotl_head4 : (v.mod_a==5? texture.axolotl_head5))))"
      ],
      "part_visibility": [
        { "*": true}  
      ],
      "overlay_color": {
        "r": "query.is_sneaking && query.variant == 0 ? 0.1",
        "g": "query.is_sneaking && query.variant == 0 ? 0.1",
        "b": "query.is_sneaking && query.variant == 0 ? 0.1",
        "a": "query.is_sneaking && query.variant == 0 ? 0.1"
      },
      "uv_anim": {      //query.life_time*0.2-math.floor(query.life_time*0.2/0.75)*0.75    来去瞬回
        "offset": [ "0", 
                    "0"],
        "scale": [ 1, 1 ]
    }
    },

    "controller.render.cape": {
      "arrays": {
        "textures": {
          "Array.textures": [
            "Texture.cape1",
            "Texture.cape2",
            "Texture.cape3",
            "Texture.cape4",
            "Texture.cape5",
            "Texture.cape6"
          ]
        },
        "materials": {
          "Array.materials": [
            "Material.default"
          ]
        },
        "geometries": {
          "Array.geometries": [
            "Geometry.cape"
          ]
        }
      },
      "geometry": "Geometry.cape",
      "materials": [ 
        { "*": "Material.default"}
      ],
      "textures": [
        "v.mod_b==1? texture.cape1 : (v.mod_b==2 ? texture.cape2 :(v.mod_b==3? texture.cape3 : (v.mod_b==4? texture.cape4 : (v.mod_b==5? texture.cape5:(v.mod_b==6? texture.cape6)))))"
      ],
      "part_visibility": [
        { "*": true}  
      ],
      "overlay_color": {
        "r": "query.is_sneaking && query.variant == 0 ? 0.1",
        "g": "query.is_sneaking && query.variant == 0 ? 0.1",
        "b": "query.is_sneaking && query.variant == 0 ? 0.1",
        "a": "query.is_sneaking && query.variant == 0 ? 0.1"
      },
      "uv_anim": {      //query.life_time*0.2-math.floor(query.life_time*0.2/0.75)*0.75    来去瞬回
        "offset": [ "0", 
                    "0"],
        "scale": [ 1, 1 ]
    }
    },

    "controller.render.bag": {
      "arrays": {
        "textures": {
          "Array.textures": [
            "Texture.bag1"
          ]
        },
        "materials": {
          "Array.materials": [
            "Material.default"
          ]
        },
        "geometries": {
          "Array.geometries": [
            "Geometry.bag1"
          ]
        }
      },
      "geometry": "Geometry.bag1",
      "materials": [ 
        { "*": "Material.default"}
      ],
      "textures": [
        "v.mod_c==1? texture.bag1"
      ],
      "part_visibility": [
        { "*": true}  
      ],
      "overlay_color": {
        "r": "query.is_sneaking && query.variant == 0 ? 0.1",
        "g": "query.is_sneaking && query.variant == 0 ? 0.1",
        "b": "query.is_sneaking && query.variant == 0 ? 0.1",
        "a": "query.is_sneaking && query.variant == 0 ? 0.1"
      },
      "uv_anim": {      //query.life_time*0.2-math.floor(query.life_time*0.2/0.75)*0.75    来去瞬回
        "offset": [ "0", 
                    "0"],
        "scale": [ 1, 1 ]
    }
    }
  }
}