{
	"format_version": "1.12.0",
	"minecraft:geometry": [
		{
			"description": {
				"identifier": "geometry.cape_bat",
				"texture_width": 22,
				"texture_height": 17,
				"visible_bounds_width": 10,
				"visible_bounds_height": 6,
				"visible_bounds_offset": [0, 1, 0]
			},
			"bones": [
				{
					"name": "cape_bat4",
					"pivot": [0, 10, 35],
					"rotation": [87.5, 0, 0]
				},
				{
					"name": "cape_bat3",
					"parent": "cape_bat4",
					"pivot": [0, 22, 35]
				},
				{
					"name": "cape_bat2",
					"parent": "cape_bat3",
					"pivot": [0, 34, 35]
				},
				{
					"name": "cape_bat",
					"parent": "cape_bat2",
					"pivot": [0, 51, 35.3],
					"rotation": [0, 180, 0],
					"cubes": [
						{"origin": [-5, 26.1454, 39.26198], "size": [10, 16, 1], "pivot": [0, 35.1454, 39.76198], "rotation": [-10, 0, 0], "uv": [0, 0]}
					]
				}
			]
		}
	]
}