
{
  "namespace": "chest",

	"player_bg": {
          "type": "image",
          "texture": "textures/ui/Black",
          "size": [ 52, 70 ],
          "layer": 2,
          "anchor_from": "top_middle",
          "anchor_to": "top_middle",
          "offset": [ -26, 8 ],
          "controls": [
            {
              "player_renderer_panel": {
                "type": "panel",
                "size": [ 30, 30 ],
                "offset": [ 0, -14 ],

                "controls": [
                  {
                    "player_renderer": {
                      "type": "custom",
                      "renderer": "live_player_renderer",
                      "property_bag": {
                        "#look_at_cursor": true
                      },
                      "animation_reset_name": "screen_animation_reset",
                      "anims": [
                        "@common.screen_exit_size_animation_push",
                        "@common.screen_exit_size_animation_pop",
                        "@common.screen_entrance_size_animation_push",
                        "@common.screen_entrance_size_animation_pop"
                      ],
                      "layer": 8,
                      "anchor_from": "center",
                      "anchor_to": "center"
                    }
                  }
                ]
              }}]},
    
        "player_preview_border": {
          "type": "image",
          "texture": "textures/ui/player_preview_border",
          "size": [ 54, 72 ],
          "layer": 1,
          "anchor_from": "top_middle",
          "anchor_to": "top_middle",
          "offset": [ -26, 7 ]
        },
  ////---------------------------------------------------------------------------
  //// #slot region area
  ////---------------------------------------------------------------------------

  "baubles_label": {
    "type": "label",
    "offset": [ "50%", -15 ],
    "anchor_from": "right_middle",
    "anchor_to": "right_middle",
    "text": "$container_title",
    "size": [ "70%", "default" ],
    "color": "$title_text_color",
    "layer": 2
  },
  "chest_label": {
    "type": "label",
    "offset": [ 7, -1 ],
    "anchor_from": "top_left",
    "anchor_to": "top_left",
    "text": "$container_title",
    "size": [ "90%", "default" ],
    "color": "$title_text_color",
    "layer": 2
  },

  "baubles_image": {
    "type": "image",
    "layer": 3,
    "texture": "textures/items/slots_baubles/baubles_slot_hat",
    "anchor_from": "top_right",
    "anchor_to": "top_right",
    "size":[16,16]
  },
  "baubles_image1": {
    "type": "image",
    "layer": 3,
    "texture": "textures/items/slots_baubles/baubles_slot_ear",
    "anchor_from": "top_right",
    "anchor_to": "top_right",
    "size":[16,16]
  },
  "baubles_image2": {
    "type": "image",
    "layer": 3,
    "texture": "textures/items/slots_baubles/baubles_slot_necklace",
    "anchor_from": "top_right",
    "anchor_to": "top_right",
    "size":[16,16]
  },
  "baubles_image3": {
    "type": "image",
    "layer": 3,
    "texture": "textures/items/slots_baubles/baubles_slot_underwear",
    "anchor_from": "top_right",
    "anchor_to": "top_right",
    "size":[16,16],
    "bindings": [
      {
        "binding_name": "#empty_underwear_visible",
        "binding_name_override": "#visible",
        "binding_type": "collection"
      }
    ]
  },
  "baubles_image4": {
    "type": "image",
    "layer": 3,
    "texture": "textures/items/slots_baubles/baubles_slot_ring",
    "anchor_from": "top_right",
    "anchor_to": "top_right",
    "size":[16,16]
  },
  "baubles_image5": {
    "type": "image",
    "layer": 3,
    "texture": "textures/items/slots_baubles/baubles_slot(bracelets)",
    "anchor_from": "top_right",
    "anchor_to": "top_right",
    "size":[16,16]
  },


  "chest_grid_item@common.container_item": {
    "$item_collection_name": "container_items"
  },

  "baubles_grid": {
    "type": "grid",
    "size": [ 60, 80 ],
    "anchor_from": "top_right",
    "anchor_to": "top_right",
    "grid_dimensions": [ 3, 4 ],
    "grid_item_template": "chest.chest_grid_item",
    "collection_name": "container_items"
  },
  "small_chest_grid": {
    "type": "grid",
    "size": [ 162, 54 ],
    "anchor_from": "top_left",
    "anchor_to": "top_left",
    "grid_dimensions": [ 9, 3 ],
    "grid_item_template": "chest.chest_grid_item",
    "collection_name": "container_items"
  },

  "large_chest_grid": {
    "type": "grid",
    "size": [ 162, 108 ],
    "anchor_from": "top_left",
    "anchor_to": "top_left",
    "grid_dimensions": [ 9, 6 ],
    "grid_item_template": "chest.chest_grid_item",
    "collection_name": "container_items"
  },

  //// #endregion

  ////---------------------------------------------------------------------------
  //// #region chest area
  ////---------------------------------------------------------------------------

  "small_chest_panel_top_half": {
    "type": "panel",
    "size": [ "100%", "50%" ],
    "offset": [ 0, 12 ],
    "anchor_to": "top_left",
    "anchor_from": "top_left",
    "controls": [
      { "chest_label@chest.chest_label": {} },
      {
        "small_chest_grid@chest.small_chest_grid": {
          "offset": [ 7, 9 ]
        }
      }
    ]
  },
  

  "baubles_panel_top_half": {
    "type": "panel",
    "size": [ "100%", "132" ],
    "offset": [ "-13%", 10],
    "anchor_to": "top_right",
    "anchor_from": "top_right",
    "controls": [
      { "baubles_label@chest.baubles_label": {} },
      { "baubles_image1@chest.baubles_image1": {"offset": [ 4, 10]} },
      { "baubles_image2@chest.baubles_image2": {"offset": [  -16, 30]} },
      { "baubles_image3@chest.baubles_image3": {"offset": [  4, 30]} },
      { "baubles_image4@chest.baubles_image4": {"offset": [ -16, 50]} },
      { "baubles_image5@chest.baubles_image5": {"offset": [ 4, 50]} },
      { "baubles_image@chest.baubles_image": {"offset": [ -16, 10]} },
      {
        "baubles_grid@chest.baubles_grid": {
          "offset": [ 7, -3 ]
        }
      }
    ]
  },
  "large_chest_panel_top_half": {
    "type": "panel",
    "size": [ "100%", 132 ],
    "offset": [ 0, 11 ],
    "anchor_to": "top_left",
    "anchor_from": "top_left",
    "controls": [
      { "chest_label@chest.chest_label": {} },
      {
        "large_chest_grid@chest.large_chest_grid": {
          "offset": [ 7, 10 ]
        }
      }
    ]
  },
  //// #endregion

  ////---------------------------------------------------------------------------
  //// #region screen
  ////---------------------------------------------------------------------------

  "baubles_panel": {
    "type": "panel",
    "controls": [
      { "container_gamepad_helpers@common.container_gamepad_helpers": {} },
      {
        "flying_item_renderer@common.flying_item_renderer": {
          "layer": 14
        }
      },
      { "selected_item_details_factory@common.selected_item_details_factory": {} },
      { "item_lock_notification_factory@common.item_lock_notification_factory": {} },
      {
        "root_panel@common.root_panel": {
          "layer": 1,
          "controls": [
            { "common_panel@common.common_panel": {} },
            {
              "chest_panel": {
                "type": "panel",
                "layer": 5,
                "controls": [
                  {"player_bg@chest.player_bg":{}},
                  {"player_preview_border@chest.player_preview_border":{}},
                  { "baubles_panel_top_half@chest.baubles_panel_top_half": {} },
                  { "inventory_panel_bottom_half_with_label@common.inventory_panel_bottom_half_with_label": {} },
                  { "hotbar_grid@common.hotbar_grid_template": {} },
                  { "inventory_take_progress_icon_button@common.inventory_take_progress_icon_button": {} }
                ]
              }
            },
            { "inventory_selected_icon_button@common.inventory_selected_icon_button": {} },
            { "gamepad_cursor@common.gamepad_cursor_button": {} }
          ]
        }
      }
    ]
  },
  "small_chest_panel": {
    "type": "panel",
    "controls": [
      { "container_gamepad_helpers@common.container_gamepad_helpers": {} },
      {
        "flying_item_renderer@common.flying_item_renderer": {
          "layer": 14
        }
      },
      { "selected_item_details_factory@common.selected_item_details_factory": {} },
      { "item_lock_notification_factory@common.item_lock_notification_factory": {} },
      {
        "root_panel@common.root_panel": {
          "layer": 1,
          "controls": [
            { "common_panel@common.common_panel": {} },
            {
              "chest_panel": {
                "type": "panel",
                "layer": 5,
                "controls": [
                  { "small_chest_panel_top_half@chest.small_chest_panel_top_half": {} },
                  { "inventory_panel_bottom_half_with_label@common.inventory_panel_bottom_half_with_label": {} },
                  { "hotbar_grid@common.hotbar_grid_template": {} },
                  { "inventory_take_progress_icon_button@common.inventory_take_progress_icon_button": {} }
                ]
              }
            },
            { "inventory_selected_icon_button@common.inventory_selected_icon_button": {} },
            { "gamepad_cursor@common.gamepad_cursor_button": {} }
          ]
        }
      }
    ]
  },
  
  "selected_item_details@common.selected_item_details": {
    "offset": [ 0, 0 ]
  },

  "large_chest_panel": {
    "type": "panel",
    "controls": [
      { "container_gamepad_helpers@common.container_gamepad_helpers": {} },
      {
        "flying_item_renderer@common.flying_item_renderer": {
          "layer": 11
        }
      },
      {
        "selected_item_details_factory@common.selected_item_details_factory": {
          "control_name": "@chest.selected_item_details"
        }
      },
      {
        "item_lock_notification_factory@common.item_lock_notification_factory": {
          "control_name": "@common.item_lock_notification"
        }
      },
      {
        "root_panel@common.root_panel": {
          "size": [ 176, 220 ],
          "layer": 1,
          "controls": [
            { "common_panel@common.common_panel": {} },
            {
              "chest_panel": {
                "type": "panel",
                "layer": 5,
                "controls": [
                  { "large_chest_panel_top_half@chest.large_chest_panel_top_half": {} },
                  { "inventory_panel_bottom_half_with_label@common.inventory_panel_bottom_half_with_label": {} },
                  { "hotbar_grid@common.hotbar_grid_template": {} },
                  { "inventory_take_progress_icon_button@common.inventory_take_progress_icon_button": {} }
                ]
              }
            },
            { "inventory_selected_icon_button@common.inventory_selected_icon_button": {} },
            { "gamepad_cursor@common.gamepad_cursor_button": {} }
          ]
        }
      }
    ]
  },

  "ender_chest_panel@chest.small_chest_panel": {
  },

  "shulker_box_panel@chest.small_chest_panel": {
  },

  "barrel_panel@chest.small_chest_panel": {
  },

  "small_chest_screen@common.inventory_screen_common": {
    "$close_on_player_hurt|default": true,
    "close_on_player_hurt": "$close_on_player_hurt",
    "variables": [
    
      {
        "requires": "($container_title = '饰品')",
        "$screen_content": "chest.baubles_panel",
        "$screen_bg_content": "common.screen_background"
      },
      {
        "requires": "(not ($container_title = '饰品'))",
        
        "$screen_content": "chest.small_chest_panel",
        "$screen_bg_content": "common.screen_background"
      }
    ]
  },

  "large_chest_screen@common.inventory_screen_common": {
    "$close_on_player_hurt|default": true,
    "close_on_player_hurt": "$close_on_player_hurt",
    "variables": [
      {
        "requires": "$desktop_screen",
        "$screen_content": "chest.large_chest_panel",
        "$screen_bg_content": "common.screen_background"
      },
      {
        "requires": "$pocket_screen",
        "$screen_content": "pocket_containers.large_chest_panel"
      }
    ]
  },

  "ender_chest_screen@common.inventory_screen_common": {
    "$close_on_player_hurt|default": true,
    "close_on_player_hurt": "$close_on_player_hurt",
    "variables": [
      {
        "requires": "$desktop_screen",
        "$screen_content": "chest.ender_chest_panel",
        "$screen_bg_content": "common.screen_background"
      },
      {
        "requires": "$pocket_screen",
        "$screen_content": "pocket_containers.ender_chest_panel"
      }
    ]
  },

  "shulker_box_screen@chest.small_chest_screen": {
    "$close_on_player_hurt": true,
    "variables": [
      {
        "requires": "$desktop_screen",
        "$screen_content": "chest.shulker_box_panel",
        "$screen_bg_content": "common.screen_background"
      },
      {
        "requires": "$pocket_screen",
        "$screen_content": "pocket_containers.shulker_box_panel"
      }
    ]
  },

  "barrel_screen@chest.small_chest_screen": {
    "$close_on_player_hurt": true,
    "variables": [
      {
        "requires": "$desktop_screen",
        "$screen_content": "chest.barrel_panel",
        "$screen_bg_content": "common.screen_background"
      },
      {
        "requires": "$pocket_screen",
        "$screen_content": "pocket_containers.barrel_panel"
      }
    ]
  }
}

// #endregion