
{
    "namespace": "server_form",
    "third_party_server_screen@common.base_screen":{
        "$screen_content":"server_form.blackbarbar_main_content",
        "button_mappings":[
           {
              "from_button_id":"button.menu_cancel",
              "to_button_id":"button.menu_exit",
              "mapping_type":"global"
           }
        ]
    },
    "blackbarbar_main_content": {
        "type": "panel",
        "size": ["100%", "100%"],
        "controls": [
            {
                "server_form_factory": {
                    "type": "factory",
                    "control_ids": {
                        "long_form": "@server_form.blackbarbar_long_form_selection",
                        "custom_form": "@server_form.custom_form"
                    }
                }
            }
        ]
    },
    "blackbarbar_long_form_selection": {
        "type": "panel",
        "$text_game_form": "§r§r§r",
        "size": ["100%", "100%"],
        "controls": [
            {
                "long_form@long_form": {
                    "bindings": [
                       {
                          "binding_type": "global",
                          "binding_condition": "none",
                          "binding_name": "#title_text",
                          "binding_name_override": "#title_text"
                       },
                       {
                          "source_property_name": "((#title_text - $text_game_form - $text_slappershop_form - $text_slappershop_big_form - $text_quests_form - $text_join_form - $text_clan_form - $text_clan_big_form - $text_hub_form - $text_shop_form - $text_shop_big_form - $text_enchanter_form - $text_enchanter_big_form - $text_goldminer_form - $text_goldminer_big_form) = #title_text)",
                          "binding_type": "view",
                          "target_property_name": "#visible"
                       }
                    ]
                }
            },
            {
                "blackbarbar_game@game.blackbarbar_game": {
                    "bindings": [
                        {
                            "binding_type": "global",
                            "binding_condition": "none",
                            "binding_name": "#title_text",
                            "binding_name_override": "#title_text"
                        },
                        {
                           "source_property_name": "(not ((#title_text - $text_game_form) = #title_text))",
                           "binding_type": "view",
                           "target_property_name": "#visible"
                        }
                    ]
                }
            },
            {
                "blackbarbar_slappershop@slappershop.blackbarbar_slappershop": {
                    "bindings": [
                        {
                            "binding_type": "global",
                            "binding_condition": "none",
                            "binding_name": "#title_text",
                            "binding_name_override": "#title_text"
                        },
                        {
                           "source_property_name": "(not ((#title_text - $text_slappershop_form) = #title_text))",
                           "binding_type": "view",
                           "target_property_name": "#visible"
                        }
                    ]
                }
            },
            {
                "blackbarbar_slappershop_big@slappershop_big.blackbarbar_slappershop_big": {
                    "bindings": [
                        {
                            "binding_type": "global",
                            "binding_condition": "none",
                            "binding_name": "#title_text",
                            "binding_name_override": "#title_text"
                        },
                        {
                           "source_property_name": "(not ((#title_text - $text_slappershop_big_form) = #title_text))",
                           "binding_type": "view",
                           "target_property_name": "#visible"
                        }
                    ]
                }
            },
            {
                "blackbarbar_quests@quests.blackbarbar_quests": {
                    "bindings": [
                        {
                            "binding_type": "global",
                            "binding_condition": "none",
                            "binding_name": "#title_text",
                            "binding_name_override": "#title_text"
                        },
                        {
                           "source_property_name": "(not ((#title_text - $text_quests_form) = #title_text))",
                           "binding_type": "view",
                           "target_property_name": "#visible"
                        }
                    ]
                }
            },
            {
                "blackbarbar_join@join.blackbarbar_join": {
                    "bindings": [
                        {
                            "binding_type": "global",
                            "binding_condition": "none",
                            "binding_name": "#title_text",
                            "binding_name_override": "#title_text"
                        },
                        {
                           "source_property_name": "(not ((#title_text - $text_join_form) = #title_text))",
                           "binding_type": "view",
                           "target_property_name": "#visible"
                        }
                    ]
                }
            },
            {
                "blackbarbar_clan@clan.blackbarbar_clan": {
                    "bindings": [
                        {
                            "binding_type": "global",
                            "binding_condition": "none",
                            "binding_name": "#title_text",
                            "binding_name_override": "#title_text"
                        },
                        {
                           "source_property_name": "(not ((#title_text - $text_clan_form) = #title_text))",
                           "binding_type": "view",
                           "target_property_name": "#visible"
                        }
                    ]
                }
            },
            {
                "blackbarbar_clan_big@clan_big.blackbarbar_clan_big": {
                    "bindings": [
                        {
                            "binding_type": "global",
                            "binding_condition": "none",
                            "binding_name": "#title_text",
                            "binding_name_override": "#title_text"
                        },
                        {
                           "source_property_name": "(not ((#title_text - $text_clan_big_form) = #title_text))",
                           "binding_type": "view",
                           "target_property_name": "#visible"
                        }
                    ]
                }
            },
            {
                "blackbarbar_hub@hub.blackbarbar_hub": {
                    "bindings": [
                        {
                            "binding_type": "global",
                            "binding_condition": "none",
                            "binding_name": "#title_text",
                            "binding_name_override": "#title_text"
                        },
                        {
                           "source_property_name": "(not ((#title_text - $text_hub_form) = #title_text))",
                           "binding_type": "view",
                           "target_property_name": "#visible"
                        }
                    ]
                }
            },
            {
                "blackbarbar_shop@shop.blackbarbar_shop": {
                    "bindings": [
                        {
                            "binding_type": "global",
                            "binding_condition": "none",
                            "binding_name": "#title_text",
                            "binding_name_override": "#title_text"
                        },
                        {
                           "source_property_name": "(not ((#title_text - $text_shop_form) = #title_text))",
                           "binding_type": "view",
                           "target_property_name": "#visible"
                        }
                    ]
                }
            },
            {
                "blackbarbar_shop_big@shop_big.blackbarbar_shop_big": {
                    "bindings": [
                        {
                            "binding_type": "global",
                            "binding_condition": "none",
                            "binding_name": "#title_text",
                            "binding_name_override": "#title_text"
                        },
                        {
                           "source_property_name": "(not ((#title_text - $text_shop_big_form) = #title_text))",
                           "binding_type": "view",
                           "target_property_name": "#visible"
                        }
                    ]
                }
            },
            {
                "blackbarbar_enchanter@enchanter.blackbarbar_enchanter": {
                    "bindings": [
                        {
                            "binding_type": "global",
                            "binding_condition": "none",
                            "binding_name": "#title_text",
                            "binding_name_override": "#title_text"
                        },
                        {
                           "source_property_name": "(not ((#title_text - $text_enchanter_form) = #title_text))",
                           "binding_type": "view",
                           "target_property_name": "#visible"
                        }
                    ]
                }
            },
            {
                "blackbarbar_enchanter_big@enchanter_big.blackbarbar_enchanter_big": {
                    "bindings": [
                        {
                            "binding_type": "global",
                            "binding_condition": "none",
                            "binding_name": "#title_text",
                            "binding_name_override": "#title_text"
                        },
                        {
                           "source_property_name": "(not ((#title_text - $text_enchanter_big_form) = #title_text))",
                           "binding_type": "view",
                           "target_property_name": "#visible"
                        }
                    ]
                }
            },
            {
                "blackbarbar_goldminer@goldminer.blackbarbar_goldminer": {
                    "bindings": [
                        {
                            "binding_type": "global",
                            "binding_condition": "none",
                            "binding_name": "#title_text",
                            "binding_name_override": "#title_text"
                        },
                        {
                           "source_property_name": "(not ((#title_text - $text_goldminer_form) = #title_text))",
                           "binding_type": "view",
                           "target_property_name": "#visible"
                        }
                    ]
                }
            },
            {
                "blackbarbar_goldminer_big@goldminer_big.blackbarbar_goldminer_big": {
                    "bindings": [
                        {
                            "binding_type": "global",
                            "binding_condition": "none",
                            "binding_name": "#title_text",
                            "binding_name_override": "#title_text"
                        },
                        {
                           "source_property_name": "(not ((#title_text - $text_goldminer_big_form) = #title_text))",
                           "binding_type": "view",
                           "target_property_name": "#visible"
                        }
                    ]
                }
            }
        ]
    }
}