{
    "format_version": "1.8.0",
    "minecraft:client_entity": {
      "description": {
        "identifier": "np:anchor",
        "min_engine_version": "1.8.0",
        "materials": {
          "default": "experience_orb"//这个可以实现动画，并且不透明度100
        },
        "textures": {
          "default": "textures/entity/pnx_entity/anchor.png"
        },
        "geometry": {
          "default": "geometry.anchor"
        },
        "spawn_egg": {
          "texture": "spawn_egg",
          "texture_index": 6
        },
        "render_controllers": [ 
          "controller.render.anchor"
        ]
      }
    }
  }