{
	"format_version": "1.8.0",
	"minecraft:client_entity": {
		"description": {
			"identifier": "np:car1",
			"materials": {
				"default": "enderman"
			},
			"textures": {
				"default": "textures/entity/ktm1lite_red"
			},
			"geometry": {
				"default": "geometry.ktm1lite"
			},
			"render_controllers": [
				"controller.render.sp"
			],
			"animations": {
				"drive": "animation.drive2",
				"turning": "animation.drive1"
			},
			"animation_controllers": [
				{
					"general": "controller.animation.car.general"
				}
			]
		}
	}
}