{
    "format_version": "1.8.0",
    "minecraft:client_entity": {
      "description": {
        "identifier": "minecraft:creeper",
        "min_engine_version": "1.8.0",
        "materials": {
          "default": "experience_orb",//这个可以实现动画，并且不透明度100
          "face":"experience_orb",
          "eye":"experience_orb",
          "charged": "charged_creeper"
        },
        "textures": {
          "default": "textures/entity/creeper/new_creeper",
          "face":"textures/entity/creeper/face_creeper",
          "eye":"textures/entity/creeper/eye_creeper",
          "charged": "textures/entity/creeper/creeper_armor"
        },
        "geometry": {
          "default": "geometry.creeper_new",
          "face":"geometry.creeper_face",
          "eye":"geometry.creeper_eye",
          "charged": "geometry.creeper.charged.v1.8"
        },
        "spawn_egg": {
          "texture": "spawn_egg",
          "texture_index": 6
        },
        "scripts": {
          "pre_animation": [
            "v.wobble = Math.sin(query.swell_amount * 5730) * query.swell_amount * 0.01 + 1.0;",
            "v.swelling_scale1 = (Math.pow(Math.clamp(query.swell_amount, 0.0, 1.0), 4.0) * 0.4 + 1.0) * v.wobble;",
            "v.swelling_scale2 = (Math.pow(Math.clamp(query.swell_amount, 0.0, 1.0), 4.0) * 0.1 + 1.0) / v.wobble;",
            "v.leg_rot = Math.cos(query.modified_distance_moved * 38.17326) * 80.22 * query.modified_move_speed;",
            "v.flash = Math.mod(Math.Round(query.swell_amount * 10.0), 2.0);"
          ]
        },
        "animations": {
          "creeper_head": "animation.common.look_at_target",
          "creeper_legs": "animation.creeper.legs",
          "creeper_swelling": "animation.creeper.swelling"
        },
        "animation_controllers": [
          { "creeper_head": "controller.animation.creeper.head" },
          { "creeper_legs": "controller.animation.creeper.legs" },
          { "creeper_swelling": "controller.animation.creeper.swelling" }
        ],
        "render_controllers": [ 
          "controller.render.creeper", 
          "controller.render.creeper_armor",
          "controller.render.creeper_face",
          "controller.render.creeper_eye" 
        ]
      }
    }
  }