{
	"format_version": "1.12.0",
	"minecraft:geometry": [
		{
			"description": {
				"identifier": "geometry.anchor",
				"texture_width": 128,
				"texture_height": 128,
				"visible_bounds_width": 4,
				"visible_bounds_height": 5.5,
				"visible_bounds_offset": [0, 2.25, 0]
			},
			"bones": [
				{
					"name": "rightItem",
					"pivot": [0, 0, 0]
				},
				{
					"name": "anchor",
					"parent": "rightItem",
					"pivot": [0, 0, 0],
					"cubes": [
						{"origin": [-3.5, 4, -1.5], "size": [6, 5, 4], "uv": [0, 87]},
						{"origin": [-2.5, 2, -1.5], "size": [4, 4, 4], "pivot": [-0.5, 4, 0.5], "rotation": [0, 0, 45], "uv": [20, 83]},
						{"origin": [-7.5, 14, -6.5], "size": [14, 4, 14], "uv": [0, 19]},
						{"origin": [-5.5, 18, -4.5], "size": [10, 3, 10], "uv": [42, 0]},
						{"origin": [-3.5, 21, -2.5], "size": [6, 17, 6], "uv": [36, 52]},
						{"origin": [-7.5, 38, -6.5], "size": [14, 5, 14], "uv": [0, 0]},
						{"origin": [-6, 36, -5], "size": [11, 2, 11], "uv": [33, 39]},
						{"origin": [-6, 36, -5], "size": [11, 2, 11], "pivot": [0, 5, 0], "rotation": [0, -45, 0], "uv": [0, 37]},
						{"origin": [-3, 49, -2], "size": [5, 3, 5], "uv": [81, 59]},
						{"origin": [-4.5, 38, -3.5], "size": [8, 12, 8], "uv": [48, 13]},
						{"origin": [-5, 9, -4], "size": [9, 6, 9], "uv": [0, 50]}
					]
				},
				{
					"name": "bone5",
					"parent": "anchor",
					"pivot": [-0.5, 7, 0.5],
					"rotation": [0, 90, 0],
					"cubes": [
						{"origin": [-13.83073, 38.04381, -8.53553], "size": [7, 6, 6], "pivot": [-6.36396, 38, -5.53553], "rotation": [-38.42684, -25.49671, 61.51653], "uv": [60, 52]},
						{"origin": [-17.46402, 40.21214, -7.11465], "size": [9, 4, 3], "pivot": [-6.44307, 42.88844, -5.61465], "rotation": [-44.31282, 8.80348, 98.90928], "uv": [74, 76]},
						{"origin": [-14.86224, 38.68633, -7.61465], "size": [9, 4, 4], "pivot": [-6.44307, 42.88844, -5.61465], "rotation": [-42.73421, 15.69986, 106.32495], "uv": [72, 0]},
						{"origin": [-5.671, 57.1634, -6.88535], "size": [5, 2, 3], "pivot": [-6.21377, 58.51076, -5.38535], "rotation": [-44.75386, -5.29571, 84.68153], "uv": [20, 65]},
						{"origin": [-12.81538, 50.66068, -5.65683], "size": [5, 2, 3], "pivot": [-4.98525, 49.16068, -4.15683], "rotation": [-40.89339, -20.70481, 67.79235], "uv": [53, 34]}
					]
				},
				{
					"name": "bone4",
					"parent": "anchor",
					"pivot": [-0.5, 7, 0.5],
					"rotation": [0, 180, 0],
					"cubes": [
						{"origin": [-13.83073, 38.04381, -8.53553], "size": [7, 6, 6], "pivot": [-6.36396, 38, -5.53553], "rotation": [-38.42684, -25.49671, 61.51653], "uv": [60, 64]},
						{"origin": [-17.46402, 40.21214, -7.11465], "size": [9, 4, 3], "pivot": [-6.44307, 42.88844, -5.61465], "rotation": [-44.31282, 8.80348, 98.90928], "uv": [77, 45]},
						{"origin": [-14.86224, 38.68633, -7.61465], "size": [9, 4, 4], "pivot": [-6.44307, 42.88844, -5.61465], "rotation": [-42.73421, 15.69986, 106.32495], "uv": [72, 13]},
						{"origin": [-5.671, 57.1634, -6.88535], "size": [5, 2, 3], "pivot": [-6.21377, 58.51076, -5.38535], "rotation": [-44.75386, -5.29571, 84.68153], "uv": [80, 52]},
						{"origin": [-12.81538, 50.66068, -5.65683], "size": [5, 2, 3], "pivot": [-4.98525, 49.16068, -4.15683], "rotation": [-40.89339, -20.70481, 67.79235], "uv": [80, 28]}
					]
				},
				{
					"name": "bone3",
					"parent": "anchor",
					"pivot": [-0.5, 7, 0.5],
					"rotation": [0, -90, 0],
					"cubes": [
						{"origin": [-13.83073, 38.04381, -8.53553], "size": [7, 6, 6], "pivot": [-6.36396, 38, -5.53553], "rotation": [-38.42684, -25.49671, 61.51653], "uv": [0, 65]},
						{"origin": [-17.46402, 40.21214, -7.11465], "size": [9, 4, 3], "pivot": [-6.44307, 42.88844, -5.61465], "rotation": [-44.31282, 8.80348, 98.90928], "uv": [0, 80]},
						{"origin": [-14.86224, 38.68633, -7.61465], "size": [9, 4, 4], "pivot": [-6.44307, 42.88844, -5.61465], "rotation": [-42.73421, 15.69986, 106.32495], "uv": [22, 75]},
						{"origin": [-5.671, 57.1634, -6.88535], "size": [5, 2, 3], "pivot": [-6.21377, 58.51076, -5.38535], "rotation": [-44.75386, -5.29571, 84.68153], "uv": [71, 83]},
						{"origin": [-12.81538, 50.66068, -5.65683], "size": [5, 2, 3], "pivot": [-4.98525, 49.16068, -4.15683], "rotation": [-40.89339, -20.70481, 67.79235], "uv": [82, 8]}
					]
				},
				{
					"name": "bone2",
					"parent": "anchor",
					"pivot": [-4.98525, 49.16068, -4.15683],
					"cubes": [
						{"origin": [-9.86396, 40, -8.53553], "size": [7, 6, 6], "pivot": [-6.36396, 43, -5.53553], "rotation": [-38.42684, -25.49671, 61.51653], "uv": [66, 33]},
						{"origin": [-12.58254, 46.29434, -7.11465], "size": [9, 4, 3], "pivot": [-6.44307, 47.88844, -5.61465], "rotation": [-44.31282, 8.80348, 98.90928], "uv": [80, 21]},
						{"origin": [-10.24284, 45.59975, -7.61465], "size": [9, 4, 4], "pivot": [-6.44307, 47.88844, -5.61465], "rotation": [-42.73421, 15.69986, 106.32495], "uv": [48, 76]},
						{"origin": [-0.71377, 61.51076, -6.88535], "size": [5, 2, 3], "pivot": [-6.21377, 63.51076, -5.38535], "rotation": [-44.75386, -5.29571, 84.68153], "uv": [52, 84]},
						{"origin": [-8.48525, 53.16068, -5.65683], "size": [5, 2, 3], "pivot": [-4.98525, 54.16068, -4.15683], "rotation": [-40.89339, -20.70481, 67.79235], "uv": [36, 84]}
					]
				}
			]
		}
	]
}