[
               {
                              "flipbook_texture":"textures/blocks/testblock",
                              "atlas_tile":"testblock",   //"atlas_tile"这里将动画参数添加到magma名称中，在 terrain_texture 文件中定义。
                              "frames":[0,1,2,3],          //动态纹理定义处3
                              "ticks_per_frame":16
               },
               {
                              "flipbook_texture":"textures/blocks/deepslate_redstone_ore",
                              "atlas_tile":"deepslate_redstone_ore",   //"atlas_tile"这里将动画参数添加到magma名称中，在 terrain_texture 文件中定义。
                              "frames":[0,1,2,3],          //动态纹理定义处3
                              "ticks_per_frame":16
               },
               {
                              "flipbook_texture":"textures/blocks/diamond_ore",
                              "atlas_tile":"diamond_ore",   //"atlas_tile"这里将动画参数添加到magma名称中，在 terrain_texture 文件中定义。
                              "frames":[0,1,2,3],          //动态纹理定义处3
                              "ticks_per_frame":16          
               }
]
