{
	"resource_pack_name": "vanilla",
	"texture_name": "atlas.terrain",
	"padding": 8,
	"num_mip_levels": 4,
	"texture_data": {
                                "color_block1": {"textures": [{"path": "textures/blocks/color_block1"}]},
                                "color_block2": {"textures": [{"path": "textures/blocks/color_block2"}]},
                                "color_block3": {"textures": [{"path": "textures/blocks/color_block3"}]},
                                "color_block4": {"textures": [{"path": "textures/blocks/color_block4"}]},
                                "color_block5": {"textures": [{"path": "textures/blocks/color_block5"}]},
                                "color_block6": {"textures": [{"path": "textures/blocks/color_block6"}]},
                                "color_block7": {"textures": [{"path": "textures/blocks/color_block7"}]},
                                "color_block8": {"textures": [{"path": "textures/blocks/color_block8"}]},
                                "color_block9": {"textures": [{"path": "textures/blocks/color_block9"}]},
                                "color_block10": {"textures": [{"path": "textures/blocks/color_block10"}]},
                                "color_block11": {"textures": [{"path": "textures/blocks/color_block11"}]},
                                "color_block12": {"textures": [{"path": "textures/blocks/color_block12"}]},
                                "color_block13": {"textures": [{"path": "textures/blocks/color_block13"}]},
                                "color_block14": {"textures": [{"path": "textures/blocks/color_block14"}]},
                                "color_block15": {"textures": [{"path": "textures/blocks/color_block15"}]},
                                "color_block16": {"textures": [{"path": "textures/blocks/color_block16"}]},
                                "color_block17": {"textures": [{"path": "textures/blocks/color_block17"}]},
                                "color_block18": {"textures": [{"path": "textures/blocks/color_block18"}]},
                                "color_block19": {"textures": [{"path": "textures/blocks/color_block19"}]},
                                "color_block20": {"textures": [{"path": "textures/blocks/color_block20"}]},
                                "color_block21": {"textures": [{"path": "textures/blocks/color_block21"}]},
                                "color_block22": {"textures": [{"path": "textures/blocks/color_block22"}]},
                                "color_block23": {"textures": [{"path": "textures/blocks/color_block23"}]},
                                "color_block24": {"textures": [{"path": "textures/blocks/color_block24"}]},
                                "color_block25": {"textures": [{"path": "textures/blocks/color_block25"}]},
                                "color_block26": {"textures": [{"path": "textures/blocks/color_block26"}]},
                                "color_block27": {"textures": [{"path": "textures/blocks/color_block27"}]},
                                "color_block28": {"textures": [{"path": "textures/blocks/color_block28"}]},
                                "color_block29": {"textures": [{"path": "textures/blocks/color_block29"}]},
                                "color_block30": {"textures": [{"path": "textures/blocks/color_block30"}]},
                                "color_block31": {"textures": [{"path": "textures/blocks/color_block31"}]},
                                "color_block32": {"textures": [{"path": "textures/blocks/color_block32"}]},
                                "color_block33": {"textures": [{"path": "textures/blocks/color_block33"}]},
                                "color_block34": {"textures": [{"path": "textures/blocks/color_block34"}]},
                                "color_block35": {"textures": [{"path": "textures/blocks/color_block35"}]},
                                "color_block36": {"textures": [{"path": "textures/blocks/color_block36"}]},
                                "color_block37": {"textures": [{"path": "textures/blocks/color_block37"}]},
                                "color_block38": {"textures": [{"path": "textures/blocks/color_block38"}]},
                                "color_block39": {"textures": [{"path": "textures/blocks/color_block39"}]},
                                "color_block40": {"textures": [{"path": "textures/blocks/color_block40"}]}
	}
}
